<?xml version="1.0" encoding="UTF-8"?>
<!--
To change this license header, choose License Headers in Project Properties.
To change this template file, choose Tools | Templates
and open the template in the editor.
-->


<dico>
    <mot niveaudiff= "1">       
        <lettre>c</lettre>
        <lettre>h</lettre>
        <lettre>o</lettre>
        <lettre>s</lettre>
        <lettre>e</lettre>
    </mot>
    <mot niveaudiff="2">
        <lettre>p</lettre>
        <lettre>o</lettre>
        <lettre>i</lettre>
        <lettre>d</lettre>
    </mot>
    <mot niveaudiff="2">       
        <lettre>m</lettre>
        <lettre>a</lettre>
        <lettre>i</lettre>
        <lettre>s</lettre>
        <lettre>o</lettre>
        <lettre>n</lettre>
    </mot>
</dico>
