<?xml version="1.0" encoding="UTF-8"?>
<!--
To change this license header, choose License Headers in Project Properties.
To change this template file, choose Tools | Templates
and open the template in the editor.
-->


<plateau>
    <dimensions>
        
    </dimensions>
    <mapping>
        <textureBottom>textures/floor/grass2.png</textureBottom>
        <textureEast>textures/skybox/interstellar/east.png</textureEast>
        <textureWest>textures/skybox/interstellar/west.png</textureWest>
        <textureNorth>textures/skybox/interstellar/north.png</textureNorth>
    </mapping>
    <pion>une url</pion>
</plateau>
