<?xml version="1.0" encoding="UTF-8"?>
<profile xmlns:xsi="http://www.w3.org/2001/XMLSchema-instance"
         xmlns="http://myGame/profile"
         xsi:schemaLocation="http://myGame/profile save_schema.xsd">
             
    <name>Nacer</name>
    <avatar>image/tux.jpg</avatar>
    <birthday>2006-05-08</birthday> 
    <games>
        <game date="2013-12-10">
            <time>20</time>
            <word level="1">cle</word>
        </game>   
        <game date="2013-12-11" found="75%">
            <word level="2">indice</word>
        </game> 
        <game date="2013-12-11">
            <word level="2">indice</word>
            <time>20</time>
        </game>
    </games>
</profile>